prompt,output,timestamp
è«‹æ¨è–¦çµ¦æˆ‘ä¸€é¦–æ­Œå,"ğŸ˜Š
æˆ‘æ¨èç»™ä½ ä¸€é¦–æµè¡Œçš„æ­Œæ›²ï¼š""Perfect"" by Ed Sheeran

é€™é¦–æ­Œæ˜¯ä¸€é¦–æµªæ¼«çš„æƒ…æ­Œï¼Œæè¿°äº†å°è‘—å¿ƒä¸­çš„äººçš„ä¸€æ¬¡ç¾å¥½çš„æ™‚åˆ»ã€‚å®ƒæœ‰è‘—Beautiful çš„æ—‹å¾‹å’Œæ„Ÿå‚·çš„æ­Œè¯ï¼Œå¯èƒ½æœƒè®“ä½ æ„Ÿå—åˆ°æº«æš–å’Œç”œèœœã€‚

å¦‚æœä½ æƒ³è½æ›´å¤šæµè¡Œæ­Œæ›²ï¼Œæˆ‘å¯ä»¥çµ¦ä½ ä¸€äº›å…¶ä»–æ¨è–¦ï¼š

- ""Shape of You"" by Ed Sheeran
- ""Hello"" by Adele
- ""Love on the Brain"" by Rihanna

æˆ–è€…ï¼Œå¦‚æœä½ æƒ³è½ä¸€äº›å¤å…¸çš„æ­Œæ›²ï¼Œæˆ‘å¯ä»¥çµ¦ä½ ä¸€äº›å…¶ä»–æ¨è–¦ï¼š

- ""Imagine"" by John Lennon
- ""Yesterday"" by The Beatles
- ""Unchained Melody"" by The Righteous Brothers",2025-09-20 16:19:14.707399
